recipe_id,ing_id,quantity
HDR-CAP-MD,ING001,8
HDR-CAP-MD,ING002,130
HDR-CAP-LG,ING001,10
HDR-CAP-LG,ING002,180
HDR-LAT-MD,ING001,8
HDR-LAT-MD,ING002,130
HDR-LAT-LG,ING001,10
HDR-LAT-LG,ING002,180
HDR-FLT,ING001,8
HDR-FLT,ING002,160
HDR-CRM-MD,ING001,8
HDR-CRM-MD,ING002,120
HDR-CRM-MD,ING009,20
HDR-CRM-LG,ING001,10
HDR-CRM-LG,ING002,160
HDR-CRM-LG,ING009,30
HDR-ESP,ING001,8
HDR-MOC-MD,ING001,8
HDR-MOC-MD,ING002,120
HDR-MOC-MD,ING007,20
HDR-MOC-LG,ING001,10
HDR-MOC-LG,ING002,160
HDR-MOC-LG,ING007,30
HDR-WMO-MD,ING001,8
HDR-WMO-MD,ING002,120
HDR-WMO-MD,ING008,20
HDR-WMO-LG,ING001,10
HDR-WMO-LG,ING002,160
HDR-WMO-LG,ING008,30
HDR-HCH-MD,ING002,130
HDR-HCH-MD,ING012,25
HDR-HCH-MD,ING013,20
HDR-HCH-MD,ING005,30
HDR-HCH-LG,ING002,180
HDR-HCH-LG,ING012,35
HDR-HCH-LG,ING013,30
HDR-HCH-LG,ING005,40
CDR-CCF-MD,ING001,8
CDR-CCF-MD,ING002,130
CDR-CCF-LG,ING001,10
CDR-CCF-LG,ING002,180
CDR-CMO-MD,ING001,8
CDR-CMO-MD,ING002,120
CDR-CMO-MD,ING007,20
CDR-CMO-LG,ING001,10
CDR-CMO-LG,ING002,160
CDR-CMO-LG,ING007,30
CDR-ICT-MD,ING017,10
CDR-ICT-MD,ING010,20
CDR-ICT-LG,ING016,15
CDR-ICT-LG,ING010,25
CDR-LMN-MD,ING014,1
CDR-LMN-MD,ING010,30
CDR-LMN-LG,ING014,1
CDR-LMN-LG,ING010,40
SNK-SHC,ING011,1
SNK-SHC,ING015,50
SNK-SHC,ING003,20
SNK-SSM,ING011,1
SNK-SSM,ING016,50
SNK-SSM,ING004,20
